Model,Dimension,Group,AUC-ROC,AUC-PR,Best_F1,Best_Threshold,Precision@Best_F1,Recall@Best_F1,n_positives,n_negatives,dropped_positives_oov,dropped_negatives_oov,neg_ratio,neg_sampling,seed
TransE,200,Sp,0.6904709662850981,0.28705924979612585,0.31953488372093025,-14.967854499816895,0.3035793194874061,0.33726067746686306,2037,18888,0,1482,10,degree_matched,42
TransE,200,Sd,0.5713676198217366,0.1745955118930217,0.1986970684039088,-16.562978744506836,0.14497920380273321,0.31565329883570503,773,7283,175,2197,10,degree_matched,42
TransE,200,St,0.4481234375123225,0.01896995300094425,0.041666666666666664,-14.969481468200684,0.03361344537815126,0.0547945205479452,73,3474,338,636,10,degree_matched,42
TransE,200,Sdt,0.23361969483267084,0.010159966482571774,0.030095759233926128,-21.828746795654297,0.015277777777777777,1.0,11,709,90,301,10,degree_matched,42
