Model,Dimension,Group,AUC-ROC,AUC-PR,Best_F1,Best_Threshold,Precision@Best_F1,Recall@Best_F1,n_positives,n_negatives,dropped_positives_oov,dropped_negatives_oov,neg_ratio,neg_sampling,seed
ComplEx,100,Sp,0.8533013482883471,0.48232577683215566,0.49547920433996384,0.8395652770996094,0.5229007633587787,0.47079037800687284,2037,18888,0,1482,10,degree_matched,42
ComplEx,100,Sd,0.7105887658779,0.28512044338990017,0.2825040128410915,-1.7850360870361328,0.37209302325581395,0.2276843467011643,773,7283,175,2197,10,degree_matched,42
ComplEx,100,St,0.6130235565965568,0.09705091083658761,0.1951219512195122,1.1236697435379028,0.24,0.1643835616438356,73,3474,338,636,10,degree_matched,42
ComplEx,100,Sdt,0.25272470829593535,0.010635089690865107,0.03249630723781388,-7.738574504852295,0.016516516516516516,1.0,11,709,90,301,10,degree_matched,42
