Model,Dimension,Group,AUC-ROC,AUC-PR,Best_F1,Best_Threshold,Precision@Best_F1,Recall@Best_F1,n_positives,n_negatives,dropped_positives_oov,dropped_negatives_oov,neg_ratio,neg_sampling,seed
TransE,100,Sp,0.6724839074121551,0.25594677077676425,0.29335161069225496,-11.047348022460938,0.2743589743589744,0.31516936671575846,2037,18888,0,1482,10,degree_matched,42
TransE,100,Sd,0.579814162560067,0.16279353161469945,0.2,-12.324493408203125,0.18814139110604333,0.21345407503234154,773,7283,175,2197,10,degree_matched,42
TransE,100,St,0.3677534088847879,0.015933020429154433,0.04033149171270718,-16.04852294921875,0.020580772483789117,1.0,73,3474,338,636,10,degree_matched,42
TransE,100,Sdt,0.23413258110014107,0.010171560293034737,0.030095759233926128,-16.115503311157227,0.015277777777777777,1.0,11,709,90,301,10,degree_matched,42
