Model,Dimension,Group,AUC-ROC,AUC-PR,Best_F1,Best_Threshold,Precision@Best_F1,Recall@Best_F1,n_positives,n_negatives,dropped_positives_oov,dropped_negatives_oov,neg_ratio,neg_sampling,seed
TransE,300,Sp,0.6672616656447006,0.25489977163332656,0.2978326730365882,-18.840057373046875,0.2834960070984916,0.3136966126656848,2037,18888,0,1482,10,degree_matched,42
TransE,300,Sd,0.5830850841039554,0.16790300621704396,0.21445221445221446,-20.446653366088867,0.16763848396501457,0.2975420439844761,773,7283,175,2197,10,degree_matched,42
TransE,300,St,0.39200400627755305,0.016317077504158548,0.04049930651872399,-23.85833168029785,0.020668176670441678,1.0,73,3474,338,636,10,degree_matched,42
TransE,300,Sdt,0.3127324015899474,0.011555000315055138,0.03076923076923077,-24.308313369750977,0.015625,1.0,11,709,90,301,10,degree_matched,42
