Dimension,MRR,Hits@1,Hits@3,Hits@10,Model,Mean Rank
100,0.5569203068374338,0.4991397961577561,0.5807157938638793,0.6680655840262754,ComplEx,
100,0.4447597415687935,0.3893334723561765,0.4710267705862419,0.5403383468446159,TransE,
100,0.5793783129992912,0.5191199854026015,0.6069389776607669,0.6946015692203426,TriModel,824.007976435628
200,0.5708893569247001,0.510504913588614,0.5985063733284676,0.6849568594739723,ComplEx,
200,0.4329338457987241,0.3590829705706019,0.4767744962594166,0.5559653833120455,TransE,
200,0.6024385591680006,0.5444177983994996,0.6294606782576962,0.7128352839976019,TriModel,835.698863488257
300,0.5823731958945065,0.5268618199827959,0.6047884680551573,0.690535151057008,ComplEx,
300,0.347522742870516,0.2258426087636524,0.4404765007950368,0.5206970257800485,TransE,
300,0.6120234252256361,0.5585850950134243,0.6344524672210202,0.7176837056538853,TriModel,850.5157313035999
