Model,Dimension,Group,AUC-ROC,AUC-PR,Best_F1,Best_Threshold,Precision@Best_F1,Recall@Best_F1,n_positives,n_negatives,dropped_positives_oov,dropped_negatives_oov,neg_ratio,neg_sampling,seed
TriModel,300,Sp,0.8406036009595461,0.46555976398952154,0.48704663212435234,1.7215328216552734,0.46808510638297873,0.5076092292587138,2037,18888,0,1482,10,degree_matched,42
TriModel,300,Sd,0.7277728940084291,0.2969880917403946,0.306601683650864,-0.12753838300704956,0.23315363881401618,0.4476067270375162,773,7283,175,2197,10,degree_matched,42
TriModel,300,St,0.7551320573181598,0.13751933544423378,0.25510204081632654,1.5845695734024048,0.2032520325203252,0.3424657534246575,73,3474,338,636,10,degree_matched,42
TriModel,300,Sdt,0.642133606872676,0.030421495625054973,0.08695652173913043,0.4003573954105377,0.08333333333333333,0.09090909090909091,11,709,90,301,10,degree_matched,42
