dimension,MRR,Hits@1,Hits@3,Hits@10
100,0.38276446224397537,0.32158590308370044,0.4119985402601465,0.48993822172405704
200,0.44072345634279236,0.36922294919583976,0.48283502332977085,0.560566170528895
300,0.3311953030904319,0.15641373198133618,0.47597945937491853,0.561178739931705
