Model,Dimension,Group,AUC-ROC,AUC-PR,Best_F1,Best_Threshold,Precision@Best_F1,Recall@Best_F1,n_positives,n_negatives,dropped_positives_oov,dropped_negatives_oov,neg_ratio,neg_sampling,seed
TriModel,200,Sp,0.8090103313187189,0.41899007659497906,0.4364588291289862,3.3954014778137207,0.4235565819861432,0.45017182130584193,2037,18888,0,1482,10,degree_matched,42
TriModel,200,Sd,0.7154425260477402,0.2645322038382054,0.28039317123642005,1.6089487075805664,0.2336206896551724,0.35058214747736094,773,7283,175,2197,10,degree_matched,42
TriModel,200,St,0.7805577243081678,0.1815655521699059,0.26785714285714285,4.802897930145264,0.38461538461538464,0.2054794520547945,73,3474,338,636,10,degree_matched,42
TriModel,200,Sdt,0.6373894088985768,0.05375152697852499,0.2,2.0213446617126465,0.13793103448275862,0.36363636363636365,11,709,90,301,10,degree_matched,42
