Model,Dimension,Group,AUC-ROC,AUC-PR,Best_F1,Best_Threshold,Precision@Best_F1,Recall@Best_F1,n_positives,n_negatives,dropped_positives_oov,dropped_negatives_oov,neg_ratio,neg_sampling,seed
TriModel,100,Sp,0.7509493082963066,0.30330550706649756,0.36259877085162423,2.8621082305908203,0.32790789996030173,0.4054982817869416,2037,18888,0,1482,10,degree_matched,42
TriModel,100,Sd,0.6457388318043454,0.20129478564437153,0.24325162891715793,0.3188071846961975,0.16,0.5071151358344114,773,7283,175,2197,10,degree_matched,42
TriModel,100,St,0.6316669426897263,0.046852357755357295,0.13023255813953488,2.9536538124084473,0.09859154929577464,0.1917808219178082,73,3474,338,636,10,degree_matched,42
TriModel,100,Sdt,0.4704449288370304,0.05559020916552791,0.2,1.4904327392578125,0.2222222222222222,0.18181818181818182,11,709,90,301,10,degree_matched,42
