Model,Dimension,Group,AUC-ROC,AUC-PR,Best_F1,Best_Threshold,Precision@Best_F1,Recall@Best_F1,n_positives,n_negatives,dropped_positives_oov,dropped_negatives_oov,neg_ratio,neg_sampling,seed
ComplEx,200,Sp,0.8649178829935062,0.5465850139819239,0.5354930919485469,0.10495296120643616,0.5201295696436835,0.551791850760923,2037,18888,0,1482,10,degree_matched,42
ComplEx,200,Sd,0.7103900895224822,0.30604595326769085,0.2964705882352941,-2.4580585956573486,0.37649402390438247,0.2445019404915912,773,7283,175,2197,10,degree_matched,42
ComplEx,200,St,0.6357087089218538,0.09094360225282458,0.19469026548672566,0.6805859804153442,0.275,0.1506849315068493,73,3474,338,636,10,degree_matched,42
ComplEx,200,Sdt,0.26952173355558406,0.011731048463599306,0.03333333333333333,-3.5275964736938477,0.02040816326530612,0.09090909090909091,11,709,90,301,10,degree_matched,42
