Model,Dimension,AUC-ROC,AUC-PR,Best_F1,Best_Threshold,Precision@Best_F1,Recall@Best_F1,n_positives,n_negatives,dropped_test_positives,neg_ratio,neg_sampling,seed
ComplEx,100,0.7777507088187249,0.40401846513595474,0.4360851063829787,0.09168483316898346,0.42972156994297217,0.44263994471319973,2894,30309,603,10,degree_matched,42
ComplEx,200,0.7877901669473395,0.4517389210209599,0.46845160082381576,-0.0023669004440307617,0.5112382509194933,0.4322736696613684,2894,30309,603,10,degree_matched,42
ComplEx,300,0.7985486530888039,0.47907538539972727,0.49866259075277036,-0.28338706493377686,0.5576923076923077,0.4509329647546648,2894,30309,603,10,degree_matched,42
