Model,Dimension,AUC-ROC,AUC-PR,Best_F1,Best_Threshold,Precision@Best_F1,Recall@Best_F1,n_positives,n_negatives,dropped_test_positives,neg_ratio,neg_sampling,seed
TriModel,100,0.704886695372152,0.2575818826804221,0.3206692227256884,2.8736093044281006,0.3234880450070324,0.3178991015894955,2894,30309,603,10,degree_matched,42
TriModel,200,0.7792197404284817,0.36417962303005863,0.38481319013764936,2.7691996097564697,0.34221146085552867,0.4395300621976503,2894,30309,603,10,degree_matched,42
TriModel,300,0.7955019359113,0.40489410710507046,0.4327387897982997,1.3753314018249512,0.4180354267310789,0.4485141672425708,2894,30309,603,10,degree_matched,42
