Model,Dimension,Group,AUC-ROC,AUC-PR,Best_F1,Best_Threshold,Precision@Best_F1,Recall@Best_F1,n_positives,n_negatives,dropped_positives_oov,dropped_negatives_oov,neg_ratio,neg_sampling,seed
ComplEx,300,Sp,0.8745126687413723,0.5726968032376509,0.5654747809614018,-0.28131040930747986,0.546203110704483,0.5861561119293078,2037,18888,0,1482,10,degree_matched,42
ComplEx,300,Sd,0.7226653929590947,0.3290262422007475,0.3115727002967359,-3.015625476837158,0.3652173913043478,0.2716688227684347,773,7283,175,2197,10,degree_matched,42
ComplEx,300,St,0.6401487369973423,0.0887168212785763,0.21739130434782608,0.04689444601535797,0.23076923076923078,0.2054794520547945,73,3474,338,636,10,degree_matched,42
ComplEx,300,Sdt,0.32375945634055653,0.01179553509452022,0.03206997084548105,-8.67104434967041,0.016296296296296295,1.0,11,709,90,301,10,degree_matched,42
